model,tile_concentration_scale,segment_1_domain_bp,segment_2_domain_bp,cycle,hold_in_cycle,temperature_c,hold_seconds,hold_start_hours,hold_end_hours,elapsed_hours,rgrow_state_time_hours,ribbon_length_columns,growth_columns,growth_rate_columns_per_hour,cumulative_growth_rate_columns_per_hour,tile_count,event_count
H01,1.0,10,9,1,1,41.0,7200,0.0,2.0,2.0,1.9999999999999944,3,2,1.0,1.0,36,92278
H01,1.0,10,9,1,2,47.0,7200,2.0,4.0,4.0,3.9999999999998987,2,1,-0.5,0.25,35,291763
H01,1.0,10,9,2,1,41.0,7200,4.0,6.0,6.0,5.999999999999846,3,2,0.5,0.3333333333333333,36,382034
H01,1.0,10,9,2,2,47.0,7200,6.0,8.0,8.0,7.999999999999737,2,1,-0.5,0.125,35,578796
H01,1.0,10,9,3,1,41.0,7200,8.0,10.0,10.0,9.999999999999698,3,2,0.5,0.2,36,670402
H01,1.0,10,9,3,2,47.0,7200,10.0,12.0,12.0,11.999999999999623,2,1,-0.5,0.08333333333333333,35,869329
H01,1.0,10,9,4,1,41.0,7200,12.0,14.0,14.0,13.999999999999384,3,2,0.5,0.14285714285714285,36,972244
H01,1.0,10,9,4,2,47.0,7200,14.0,16.0,16.0,15.999999999999668,1,0,-1.0,0.0,32,1172927
H01,1.0,10,9,5,1,41.0,7200,16.0,18.0,18.0,17.999999999999602,3,2,1.0,0.1111111111111111,36,1267955
H01,1.0,10,9,5,2,47.0,7200,18.0,20.0,20.0,20.000000000000032,3,2,0.0,0.1,36,1468866
H01,1.0,10,9,6,1,41.0,7200,20.0,22.0,22.0,22.000000000000078,2,1,-0.5,0.045454545454545456,35,1561425
H01,1.0,10,9,6,2,47.0,7200,22.0,24.0,24.0,23.999999999999638,1,0,-0.5,0.0,32,1757647
